Sample	depth	layer	OceanRegion	Latitude	Longitude	OceanRegion_Layer
Hotmix_HM002_2000m	2000	BAT	MS	34.073	33.514	MS_BAT
Hotmix_HM003_1000m	1000	MES	MS	34.073	33.514	MS_MES
Hotmix_HM004_130m	130	DCM	MS	34.073	33.514	MS_DCM
Hotmix_HM005_35m	35	EPI	MS	34.073	33.514	MS_EPI
Hotmix_HM006_3m	3	SRF	MS	34.073	33.514	MS_SRF
Hotmix_HM007_575m	575	MES	MS	34.073	33.514	MS_MES
Hotmix_HM008_200m	200	MES	MS	34.073	33.514	MS_MES
Hotmix_HM010_25m	25	EPI	MS	34.073	31.413	MS_EPI
Hotmix_HM011_2000m	2000	BAT	MS	33.666	29.344	MS_BAT
Hotmix_HM012_1250m	1250	BAT	MS	33.666	29.344	MS_BAT
Hotmix_HM013_200m	200	MES	MS	33.666	29.344	MS_MES
Hotmix_HM014_750m	750	MES	MS	33.666	29.344	MS_MES
Hotmix_HM015_120m	120	DCM	MS	33.666	29.344	MS_DCM
Hotmix_HM018_2630m	2630	BAT	MS	34.073	27.226	MS_BAT
Hotmix_HM019_2000m	2000	BAT	MS	34.073	27.226	MS_BAT
Hotmix_HM020_1250m	1250	BAT	MS	34.073	27.226	MS_BAT
Hotmix_HM021_118m	118	DCM	MS	34.073	27.226	MS_DCM
Hotmix_HM022_50m	50	EPI	MS	34.073	27.226	MS_EPI
Hotmix_HM023_3m	3	SRF	MS	34.073	27.226	MS_SRF
Hotmix_HM024_550m	550	MES	MS	34.073	27.226	MS_MES
Hotmix_HM025_200m	200	MES	MS	34.073	27.226	MS_MES
Hotmix_HM027_2000m	2000	BAT	MS	34.073	25.231	MS_BAT
Hotmix_HM028_825m	825	MES	MS	34.073	25.231	MS_MES
Hotmix_HM029_100m	100	DCM	MS	34.073	25.231	MS_DCM
Hotmix_HM030_50m	50	EPI	MS	34.073	25.231	MS_EPI
Hotmix_HM031_3m	3	SRF	MS	34.073	25.231	MS_SRF
Hotmix_HM033_200m	200	MES	MS	34.073	25.231	MS_MES
Hotmix_HM034_2600m	2600	BAT	MS	34.073	23.208	MS_BAT
Hotmix_HM035_2000m	2000	BAT	MS	34.073	23.208	MS_BAT
Hotmix_HM036_1100m	1100	BAT	MS	34.073	23.208	MS_BAT
Hotmix_HM037_90m	90	DCM	MS	34.073	23.208	MS_DCM
Hotmix_HM038_50m	50	EPI	MS	34.073	23.208	MS_EPI
Hotmix_HM039_3m	3	SRF	MS	34.073	23.208	MS_SRF
Hotmix_HM040_705m	705	MES	MS	34.073	23.208	MS_MES
Hotmix_HM042_2421m	2421	BAT	MS	34.673	21.373	MS_BAT
Hotmix_HM043_2000m	2000	BAT	MS	34.673	21.373	MS_BAT
Hotmix_HM044_1000m	1000	MES	MS	34.673	21.373	MS_MES
Hotmix_HM045_110m	110	DCM	MS	34.673	21.372	MS_DCM
Hotmix_HM046_50m	50	EPI	MS	34.673	21.372	MS_EPI
Hotmix_HM047_3m	3	SRF	MS	34.673	21.372	MS_SRF
Hotmix_HM048_500m	500	MES	MS	34.673	21.372	MS_MES
Hotmix_HM049_200m	200	MES	MS	34.673	21.372	MS_MES
Hotmix_HM050_3167m	3167	BAT	MS	35.951	19.772	MS_BAT
Hotmix_HM051_2000m	2000	BAT	MS	35.951	19.772	MS_BAT
Hotmix_HM052_900m	900	MES	MS	35.951	19.772	MS_MES
Hotmix_HM053_100m	100	DCM	MS	35.951	19.772	MS_DCM
Hotmix_HM054_50m	50	EPI	MS	35.951	19.772	MS_EPI
Hotmix_HM055_3m	3	SRF	MS	35.951	19.772	MS_SRF
Hotmix_HM056_500m	500	MES	MS	35.951	19.772	MS_MES
Hotmix_HM057_200m	200	MES	MS	35.951	19.772	MS_MES
Hotmix_HM058_1500m	1500	BAT	MS	37.715	19.772	MS_BAT
Hotmix_HM059_3300m	3300	BAT	MS	37.715	19.772	MS_BAT
Hotmix_HM060_50m	50	EPI	MS	37.715	19.772	MS_EPI
Hotmix_HM061_1200m	1200	BAT	MS	39.026	19.161	MS_BAT
Hotmix_HM062_900m	900	MES	MS	39.026	19.161	MS_MES
Hotmix_HM063_500m	500	MES	MS	39.026	19.161	MS_MES
Hotmix_HM064_200m	200	MES	MS	39.026	19.161	MS_MES
Hotmix_HM065_92m	92	DCM	MS	39.026	19.161	MS_DCM
Hotmix_HM066_50m	50	EPI	MS	39.026	19.161	MS_EPI
Hotmix_HM067_3m	3	SRF	MS	39.026	19.161	MS_SRF
Hotmix_HM068_2500m	2500	BAT	MS	37.815	18.173	MS_BAT
Hotmix_HM069_2000m	2000	BAT	MS	37.815	18.173	MS_BAT
Hotmix_HM070_1000m	1000	MES	MS	37.815	18.173	MS_MES
Hotmix_HM071_86m	86	DCM	MS	37.815	18.173	MS_DCM
Hotmix_HM072_50m	50	EPI	MS	37.815	18.173	MS_EPI
Hotmix_HM073_3m	3	SRF	MS	37.815	18.173	MS_SRF
Hotmix_HM074_500m	500	MES	MS	37.815	18.173	MS_MES
Hotmix_HM075_200m	200	MES	MS	37.815	18.173	MS_MES
Hotmix_HM076_2000m	2000	BAT	MS	36	17.417	MS_BAT
Hotmix_HM077_3000m	3000	BAT	MS	36	17.417	MS_BAT
Hotmix_HM078_1000m	1000	MES	MS	36	17.417	MS_MES
Hotmix_HM079_120m	120	DCM	MS	36	17.416	MS_DCM
Hotmix_HM080_50m	50	EPI	MS	36	17.416	MS_EPI
Hotmix_HM081_3m	3	SRF	MS	36	17.416	MS_SRF
Hotmix_HM083_200m	200	MES	MS	36	17.416	MS_MES
Hotmix_HM084_300m	300	MES	MS	36	13	MS_MES
Hotmix_HM085_95m	95	DCM	MS	36	13	MS_DCM
Hotmix_HM086_3m	3	SRF	MS	36	13	MS_SRF
Hotmix_HM087_400m	400	MES	MS	37.845	11.419	MS_MES
Hotmix_HM088_40m	40	DCM	MS	37.845	11.419	MS_DCM
Hotmix_HM089_3m	3	SRF	MS	37.845	11.419	MS_SRF
Hotmix_HM090_3165m	3165	BAT	MS	39.579	11.413	MS_BAT
Hotmix_HM091_2000m	2000	BAT	MS	39.579	11.413	MS_BAT
Hotmix_HM092_900m	900	MES	MS	39.579	11.413	MS_MES
Hotmix_HM093_75m	75	DCM	MS	39.579	11.412	MS_DCM
Hotmix_HM094_50m	50	EPI	MS	39.579	11.412	MS_EPI
Hotmix_HM095_3m	3	SRF	MS	39.579	11.412	MS_SRF
Hotmix_HM096_650m	650	MES	MS	39.583	11.417	MS_MES
Hotmix_HM097_200m	200	MES	MS	39.583	11.417	MS_MES
Hotmix_HM098_75m	75	DCM	MS	41.25	10.584	MS_DCM
Hotmix_HM100_3m	3	SRF	MS	41.25	10.584	MS_SRF
Hotmix_HM101_1407m	1407	BAT	MS	41.25	10.584	MS_BAT
Hotmix_HM102_1000m	1000	MES	MS	41.25	10.584	MS_MES
Hotmix_HM103_525m	525	MES	MS	41.25	10.584	MS_MES
Hotmix_HM104_400m	400	MES	MS	41.25	10.584	MS_MES
Hotmix_HM105_1500m	1500	BAT	MS	41.489	7.492	MS_BAT
Hotmix_HM106_50m	50	EPI	MS	41.489	7.492	MS_EPI
Hotmix_HM107_2881m	2881	BAT	MS	40.182	6.492	MS_BAT
Hotmix_HM108_2000m	2000	BAT	MS	40.182	6.492	MS_BAT
Hotmix_HM109_1000m	1000	MES	MS	40.182	6.492	MS_MES
Hotmix_HM110_60m	60	DCM	MS	40.182	6.492	MS_DCM
Hotmix_HM111_50m	50	EPI	MS	40.182	6.492	MS_EPI
Hotmix_HM112_3m	3	SRF	MS	40.182	6.492	MS_SRF
Hotmix_HM113_600m	600	MES	MS	40.182	6.492	MS_MES
Hotmix_HM114_350m	350	MES	MS	40.182	6.492	MS_MES
Hotmix_HM115_2885m	2885	BAT	MS	38.6	7.025	MS_BAT
Hotmix_HM116_2000m	2000	BAT	MS	38.6	7.025	MS_BAT
Hotmix_HM117_1000m	1000	MES	MS	38.6	7.025	MS_MES
Hotmix_HM118_60m	60	DCM	MS	38.6	7.025	MS_DCM
Hotmix_HM119_50m	50	EPI	MS	38.6	7.025	MS_EPI
Hotmix_HM120_3m	3	SRF	MS	38.6	7.025	MS_SRF
Hotmix_HM121_600m	600	MES	MS	38.6	7.025	MS_MES
Hotmix_HM122_400m	400	MES	MS	38.6	7.025	MS_MES
Hotmix_HM123_2861m	2861	BAT	MS	38.413	5.215	MS_BAT
Hotmix_HM124_2000m	2000	BAT	MS	38.413	5.215	MS_BAT
Hotmix_HM125_1000m	1000	MES	MS	38.413	5.215	MS_MES
Hotmix_HM126_65m	65	DCM	MS	38.413	5.215	MS_DCM
Hotmix_HM127_50m	50	EPI	MS	38.413	5.215	MS_EPI
Hotmix_HM128_3m	3	SRF	MS	38.413	5.215	MS_SRF
Hotmix_HM129_600m	600	MES	MS	38.413	5.215	MS_MES
Hotmix_HM130_450m	450	MES	MS	38.413	5.215	MS_MES
Hotmix_HM131_2787m	2787	BAT	MS	38	2.266	MS_BAT
Hotmix_HM132_2000m	2000	BAT	MS	38	2.266	MS_BAT
Hotmix_HM133_1000m	1000	MES	MS	38	2.266	MS_MES
Hotmix_HM134_60m	60	DCM	MS	38	2.266	MS_DCM
Hotmix_HM135_50m	50	EPI	MS	38	2.266	MS_EPI
Hotmix_HM136_3m	3	SRF	MS	38	2.266	MS_SRF
Hotmix_HM137_700m	700	MES	MS	38	2.266	MS_MES
Hotmix_HM138_400m	400	MES	MS	38	2.266	MS_MES
Hotmix_HM139_1500m	1500	BAT	MS	37.01	0	MS_BAT
Hotmix_HM140_80m	80	DCM	MS	37.01	0	MS_DCM
Hotmix_HM141_1350m	1350	BAT	MS	36.015	-2.525	MS_BAT
Hotmix_HM142_1000m	1000	MES	MS	36.015	-2.525	MS_MES
Hotmix_HM143_600m	600	MES	MS	36.015	-2.525	MS_MES
Hotmix_HM144_400m	400	MES	MS	36.015	-2.525	MS_MES
Hotmix_HM145_200m	200	MES	MS	36.015	-2.525	MS_MES
Hotmix_HM146_75m	75	DCM	MS	36.012	-2.528	MS_DCM
Hotmix_HM147_3m	3	SRF	MS	36.012	-2.528	MS_SRF
Hotmix_HM148_886m	886	MES	MS	35.986	-5.367	MS_MES
Hotmix_HM149_350m	350	MES	MS	35.986	-5.367	MS_MES
Hotmix_HM150_550m	550	MES	MS	35.986	-5.367	MS_MES
Hotmix_HM151_200m	200	MES	MS	35.986	-5.367	MS_MES
Hotmix_HM152_75m	75	DCM	MS	35.987	-5.367	MS_DCM
Hotmix_HM153_12m	12	EPI	MS	35.987	-5.367	MS_EPI
Hotmix_HM154_3m	3	SRF	MS	35.987	-5.367	MS_SRF
Hotmix_HM155_1447m	1447	BAT	NAO	36.017	-7.967	NAO_BAT
Hotmix_HM156_800m	800	MES	NAO	36.017	-7.967	NAO_MES
Hotmix_HM157_3518m	3518	BAT	NAO	35.386	-9.615	NAO_BAT
Hotmix_HM158_2000m	2000	BAT	NAO	35.386	-9.615	NAO_BAT
Hotmix_HM159_1250m	1250	BAT	NAO	35.386	-9.615	NAO_BAT
Hotmix_HM160_75m	75	DCM	NAO	35.386	-9.615	NAO_DCM
Hotmix_HM161_50m	50	EPI	NAO	35.386	-9.615	NAO_EPI
Hotmix_HM162_3m	3	SRF	NAO	35.386	-9.615	NAO_SRF
Hotmix_HM163_550m	550	MES	NAO	35.386	-9.615	NAO_MES
Hotmix_HM164_200m	200	MES	NAO	35.386	-9.615	NAO_MES
Hotmix_HM165_4539m	4539	BAT	NAO	34.584	-11.586	NAO_BAT
Hotmix_HM166_2000m	2000	BAT	NAO	34.584	-11.586	NAO_BAT
Hotmix_HM167_1200m	1200	BAT	NAO	34.584	-11.586	NAO_BAT
Hotmix_HM168_85m	85	DCM	NAO	34.584	-11.586	NAO_DCM
Hotmix_HM169_50m	50	EPI	NAO	34.584	-11.586	NAO_EPI
Hotmix_HM170_3m	3	SRF	NAO	34.584	-11.586	NAO_SRF
Hotmix_HM171_513m	513	MES	NAO	34.584	-11.585	NAO_MES
Hotmix_HM172_200m	200	MES	NAO	34.584	-11.585	NAO_MES
Hotmix_HM173_4082m	4082	BAT	NAO	33.021	-12.241	NAO_BAT
Hotmix_HM174_2000m	2000	BAT	NAO	33.021	-12.241	NAO_BAT
Hotmix_HM175_1250m	1250	BAT	NAO	33.021	-12.241	NAO_BAT
Hotmix_HM176_85m	85	DCM	NAO	33.021	-12.241	NAO_DCM
Hotmix_HM177_50m	50	EPI	NAO	33.021	-12.241	NAO_EPI
Hotmix_HM178_3m	3	SRF	NAO	33.021	-12.241	NAO_SRF
Hotmix_HM179_550m	550	MES	NAO	33.021	-12.24	NAO_MES
Hotmix_HM180_200m	200	MES	NAO	33.021	-12.24	NAO_MES
Hotmix_HM181_3209m	3209	BAT	NAO	31.25	-12.977	NAO_BAT
Hotmix_HM182_2000m	2000	BAT	NAO	31.25	-12.977	NAO_BAT
Hotmix_HM183_1250m	1250	BAT	NAO	31.25	-12.977	NAO_BAT
Hotmix_HM184_70m	70	DCM	NAO	31.25	-12.976	NAO_DCM
Hotmix_HM185_50m	50	EPI	NAO	31.25	-12.976	NAO_EPI
Hotmix_HM186_3m	3	SRF	NAO	31.25	-12.976	NAO_SRF
Hotmix_HM187_555m	555	MES	NAO	31.25	-12.976	NAO_MES
Hotmix_HM188_200m	200	MES	NAO	31.25	-12.976	NAO_MES
MalaDeep_ST103_4000m	4000	BAT	NPO	21.064	-150.319	NPO_BAT
MalaDeep_ST109_4000m	4000	BAT	NPO	18.028	-133.26	NPO_BAT
MalaDeep_ST10_3944m	3944	BAT	NPO	21.064	-150.319	NPO_BAT
MalaDeep_ST112_4000m	4000	BAT	NPO	15.909	-124.474	NPO_BAT
MalaDeep_ST118_3200m	3200	BAT	NPO	12.001	-108.076	NPO_BAT
MalaDeep_ST121_3000m	3000	BAT	NPO	10.093	-99.246	NPO_BAT
MalaDeep_ST131_4000m	4000	BAT	NAO	17.427	-59.828	NAO_BAT
MalaDeep_ST134_4000m	4000	BAT	NAO	19.99	-52.637	NAO_BAT
MalaDeep_ST23_3942m	3942	BAT	SAO	-15.831	-33.403	SAO_BAT
MalaDeep_ST26_3847m	3847	BAT	SAO	-22.955	-36.925	SAO_BAT
MalaDeep_ST41_4000m	4000	BAT	SAO	-31.832	6.857	SAO_BAT
MalaDeep_ST77_4000m	4000	BAT	SPO	-38.621	150.417	SPO_BAT
MalaDeep_ST97_4000m	4000	BAT	NPO	9.201	-163.495	NPO_BAT
MalaSurf_MD1013_3m	3	SRF	IO	-29.354	69.4	IO_SRF
MalaSurf_MD1035_3m	3	SRF	IO	-29.561	72.444	IO_SRF
MalaSurf_MD1042_3m	3	SRF	IO	-29.904	76.093	IO_SRF
MalaSurf_MD1080_3m	3	SRF	IO	-29.828	79.611	IO_SRF
MalaSurf_MD1100_3m	3	SRF	IO	-29.811	82.623	IO_SRF
MalaSurf_MD111_3m	3	SRF	NAO	16.164	-26.026	NAO_SRF
MalaSurf_MD1125_3m	3	SRF	IO	-29.749	86.257	IO_SRF
MalaSurf_MD1143_3m	3	SRF	IO	-29.627	92.984	IO_SRF
MalaSurf_MD1176_3m	3	SRF	IO	-29.574	96.407	IO_SRF
MalaSurf_MD1186_3m	3	SRF	IO	-30.333	103.308	IO_SRF
MalaSurf_MD1209_3m	3	SRF	IO	-30.328	103.317	IO_SRF
MalaSurf_MD1222_3m	3	SRF	IO	-30.811	107.237	IO_SRF
MalaSurf_MD1246_3m	3	SRF	IO	-31.134	110.207	IO_SRF
MalaSurf_MD1254_3m	3	SRF	IO	-31.554	113.467	IO_SRF
MalaSurf_MD1260_3m	3	SRF	IO	-31.554	113.467	IO_SRF
MalaSurf_MD1293_3m	3	SRF	IO	-35.983	117.407	IO_SRF
MalaSurf_MD1302_3m	3	SRF	IO	-36.639	120.856	IO_SRF
MalaSurf_MD1318_3m	3	SRF	IO	-37.239	124.898	IO_SRF
MalaSurf_MD1324_3m	3	SRF	IO	-37.239	124.898	IO_SRF
MalaSurf_MD1331_3m	3	SRF	IO	-37.889	127.75	IO_SRF
MalaSurf_MD1354_3m	3	SRF	IO	-38.578	131.507	IO_SRF
MalaSurf_MD1368_3m	3	SRF	IO	-39.243	135.139	IO_SRF
MalaSurf_MD1398_3m	3	SRF	IO	-39.867	138.735	IO_SRF
MalaSurf_MD141_3m	3	SRF	NAO	14.52	-26	NAO_SRF
MalaSurf_MD1421_3m	3	SRF	IO	-40.55	142.497	IO_SRF
MalaSurf_MD1425_3m	3	SRF	SPO	-38.621	150.417	SPO_SRF
MalaSurf_MD1459_3m	3	SRF	SPO	-36.642	151.006	SPO_SRF
MalaSurf_MD1475_5m	5	SRF	SPO	-34.056	176.016	SPO_SRF
MalaSurf_MD1479_5m	5	SRF	SPO	-28.406	179.141	SPO_SRF
MalaSurf_MD1490_3m	3	SRF	SPO	-25.49	-179.524	SPO_SRF
MalaSurf_MD1517_3m	3	SRF	SPO	-23.377	-178.211	SPO_SRF
MalaSurf_MD1537_3m	3	SRF	SPO	-18.561	-175.823	SPO_SRF
MalaSurf_MD1559_3m	3	SRF	SPO	-15.903	-174.487	SPO_SRF
MalaSurf_MD1589_3m	3	SRF	SPO	-13.531	-173.372	SPO_SRF
MalaSurf_MD1607_3m	3	SRF	SPO	-11.242	-172.63	SPO_SRF
MalaSurf_MD1629_3m	3	SRF	SPO	-9.474	-172.298	SPO_SRF
MalaSurf_MD1672_3m	3	SRF	SPO	-3.41	-169.463	SPO_SRF
MalaSurf_MD1700_3m	3	SRF	SPO	-1.303	-168.354	SPO_SRF
MalaSurf_MD1724_3m	3	SRF	NPO	1.599	-166.85	NPO_SRF
MalaSurf_MD1744_3m	3	SRF	NPO	3.748	-165.773	NPO_SRF
MalaSurf_MD1772_3m	3	SRF	NPO	6.992	-164.372	NPO_SRF
MalaSurf_MD1798_3m	3	SRF	NPO	9.201	-163.495	NPO_SRF
MalaSurf_MD1811_3m	3	SRF	NPO	11.593	-162.41	NPO_SRF
MalaSurf_MD1857_3m	3	SRF	NPO	21.89	-155.664	NPO_SRF
MalaSurf_MD1885_3m	3	SRF	NPO	21.57	-153.418	NPO_SRF
MalaSurf_MD1887_3m	3	SRF	NPO	21.064	-150.319	NPO_SRF
MalaSurf_MD1928_3m	3	SRF	NPO	20.784	-148.269	NPO_SRF
MalaSurf_MD1956_3m	3	SRF	NPO	19.892	-141.59	NPO_SRF
MalaSurf_MD1964_3m	3	SRF	NPO	19.279	-138.965	NPO_SRF
MalaSurf_MD196_3m	3	SRF	NAO	9.564	-25.993	NAO_SRF
MalaSurf_MD2004_3m	3	SRF	NPO	18.653	-136.178	NPO_SRF
MalaSurf_MD2008_3m	3	SRF	NPO	18.028	-133.26	NPO_SRF
MalaSurf_MD202_3m	3	SRF	NAO	7.324	-25.996	NAO_SRF
MalaSurf_MD2047_3m	3	SRF	NPO	17.37	-130.611	NPO_SRF
MalaSurf_MD2051_3m	3	SRF	NPO	15.909	-124.47	NPO_SRF
MalaSurf_MD2094_3m	3	SRF	NPO	14.529	-118.774	NPO_SRF
MalaSurf_MD2111_3m	3	SRF	NPO	13.804	-115.756	NPO_SRF
MalaSurf_MD214_3m	3	SRF	NAO	4.989	-26.005	NAO_SRF
MalaSurf_MD2151_3m	3	SRF	NPO	13.205	-113.256	NPO_SRF
MalaSurf_MD2155_3m	3	SRF	NPO	12.001	-108.076	NPO_SRF
MalaSurf_MD2215_3m	3	SRF	NPO	11.354	-105.011	NPO_SRF
MalaSurf_MD2243_3m	3	SRF	NPO	10.759	-102.442	NPO_SRF
MalaSurf_MD2247_3m	3	SRF	NPO	10.093	-99.246	NPO_SRF
MalaSurf_MD2304_3m	3	SRF	NPO	9.446	-96.341	NPO_SRF
MalaSurf_MD2332_3m	3	SRF	NPO	8.142	-90.365	NPO_SRF
MalaSurf_MD2340_3m	3	SRF	NPO	7.224	-87.96	NPO_SRF
MalaSurf_MD2380_3m	3	SRF	NPO	5.912	-84.795	NPO_SRF
MalaSurf_MD2408_3m	3	SRF	NAO	12.363	-74.039	NAO_SRF
MalaSurf_MD2436_3m	3	SRF	NAO	14.158	-71.673	NAO_SRF
MalaSurf_MD2448_3m	3	SRF	NAO	15.069	-69.295	NAO_SRF
MalaSurf_MD2474_3m	3	SRF	NAO	15.525	-67.014	NAO_SRF
MalaSurf_MD2516_3m	3	SRF	NAO	17.427	-59.828	NAO_SRF
MalaSurf_MD254_3m	3	SRF	NAO	2.457	-26.009	NAO_SRF
MalaSurf_MD2562_3m	3	SRF	NAO	18.064	-57.803	NAO_SRF
MalaSurf_MD2594_3m	3	SRF	NAO	18.996	-55.15	NAO_SRF
MalaSurf_MD2624_3m	3	SRF	NAO	19.99	-52.637	NAO_SRF
MalaSurf_MD2662_3m	3	SRF	NAO	20.804	-50.143	NAO_SRF
MalaSurf_MD266_3m	3	SRF	SAO	-3.03	-27.326	SAO_SRF
MalaSurf_MD2723_3m	3	SRF	NAO	23.735	-41.902	NAO_SRF
MalaSurf_MD2751_3m	3	SRF	NAO	24.845	-38.71	NAO_SRF
MalaSurf_MD2761_3m	3	SRF	NAO	26.11	-35.258	NAO_SRF
MalaSurf_MD2821_3m	3	SRF	NAO	26.911	-32.837	NAO_SRF
MalaSurf_MD285_3m	3	SRF	SAO	-4.779	-28.169	SAO_SRF
MalaSurf_MD2864_3m	3	SRF	NAO	28.875	-26.951	NAO_SRF
MalaSurf_MD28_3m	3	SRF	NAO	35.135	-9.517	NAO_SRF
MalaSurf_MD2956_3m	3	SRF	NAO	30.966	-20.65	NAO_SRF
MalaSurf_MD2973_3m	3	SRF	NAO	32.079	-17.266	NAO_SRF
MalaSurf_MD311_3m	3	SRF	SAO	-7.283	-29.322	SAO_SRF
MalaSurf_MD346_3m	3	SRF	SAO	-13.736	-32.376	SAO_SRF
MalaSurf_MD366_3m	3	SRF	SAO	-15.831	-33.403	SAO_SRF
MalaSurf_MD389_3m	3	SRF	SAO	-18.424	-34.644	SAO_SRF
MalaSurf_MD40_3m	3	SRF	NAO	34.001	-12.781	NAO_SRF
MalaSurf_MD417_3m	3	SRF	SAO	-21.093	-35.972	SAO_SRF
MalaSurf_MD439_3m	3	SRF	SAO	-22.955	-36.925	SAO_SRF
MalaSurf_MD458_3m	3	SRF	SAO	-24.315	-36.222	SAO_SRF
MalaSurf_MD486_3m	3	SRF	SAO	-24.792	-33.476	SAO_SRF
MalaSurf_MD506_3m	3	SRF	SAO	-25.427	-30.07	SAO_SRF
MalaSurf_MD528_3m	3	SRF	SAO	-25.868	-27.567	SAO_SRF
MalaSurf_MD52_3m	3	SRF	NAO	29.683	-17.288	NAO_SRF
MalaSurf_MD550_3m	3	SRF	SAO	-26.947	-21.4	SAO_SRF
MalaSurf_MD575_3m	3	SRF	SAO	-27.553	-18.089	SAO_SRF
MalaSurf_MD591_3m	3	SRF	SAO	-28.091	-14.791	SAO_SRF
MalaSurf_MD60_3m	3	SRF	NAO	28.702	-18.871	NAO_SRF
MalaSurf_MD621_3m	3	SRF	SAO	-28.649	-11.812	SAO_SRF
MalaSurf_MD646_3m	3	SRF	SAO	-29.767	-5.315	SAO_SRF
MalaSurf_MD64_3m	3	SRF	NAO	24.972	-21.053	NAO_SRF
MalaSurf_MD664_3m	3	SRF	SAO	-30.262	-2.435	SAO_SRF
MalaSurf_MD684_3m	3	SRF	SAO	-30.882	0.968	SAO_SRF
MalaSurf_MD712_3m	3	SRF	SAO	-31.308	3.749	SAO_SRF
MalaSurf_MD734_3m	3	SRF	SAO	-31.832	6.857	SAO_SRF
MalaSurf_MD753_3m	3	SRF	SAO	-32.813	12.769	SAO_SRF
MalaSurf_MD778_3m	3	SRF	SAO	-33.233	15.34	SAO_SRF
MalaSurf_MD806_3m	3	SRF	IO	-35.136	25.563	IO_SRF
MalaSurf_MD834_3m	3	SRF	IO	-34.837	27.549	IO_SRF
MalaSurf_MD854_3m	3	SRF	IO	-34.44	31.112	IO_SRF
MalaSurf_MD876_3m	3	SRF	IO	-33.907	37.042	IO_SRF
MalaSurf_MD897_3m	3	SRF	IO	-33.563	39.885	IO_SRF
MalaSurf_MD916_3m	3	SRF	IO	-33.194	43.248	IO_SRF
MalaSurf_MD940_3m	3	SRF	IO	-30.055	61.431	IO_SRF
MalaSurf_MD962_3m	3	SRF	IO	-27.978	63.248	IO_SRF
MalaSurf_MD985_3m	3	SRF	IO	-28.128	66.493	IO_SRF
MalaSurf_MD98_3m	3	SRF	NAO	21.45	-23.455	NAO_SRF
MalaVP_DNA_D1001_4000m	4000	BAT	IO	-29.354	69.4	IO_BAT
MalaVP_DNA_D1003_2500m	2500	BAT	IO	-29.354	69.4	IO_BAT
MalaVP_DNA_D1005_1065m	1065	BAT	IO	-29.354	69.4	IO_BAT
MalaVP_DNA_D1007_715m	715	MES	IO	-29.354	69.4	IO_MES
MalaVP_DNA_D1009_400m	400	MES	IO	-29.354	69.4	IO_MES
MalaVP_DNA_D1011_130m	130	DCM	IO	-29.354	69.4	IO_DCM
MalaVP_DNA_D1156_2600m	2600	BAT	IO	-29.574	96.407	IO_BAT
MalaVP_DNA_D1158_950m	950	MES	IO	-29.574	96.407	IO_MES
MalaVP_DNA_D1160_1790m	1790	BAT	IO	-29.574	96.407	IO_BAT
MalaVP_DNA_D1168_650m	650	MES	IO	-29.574	96.407	IO_MES
MalaVP_DNA_D1170_3m	3	SRF	IO	-29.574	96.407	IO_SRF
MalaVP_DNA_D1172_115m	115	DCM	IO	-29.574	96.407	IO_DCM
MalaVP_DNA_D1180_420m	420	MES	IO	-29.574	96.407	IO_MES
MalaVP_DNA_D1660_4000m	4000	BAT	SPO	-3.41	-169.463	SPO_BAT
MalaVP_DNA_D1662_1500m	1500	BAT	SPO	-3.41	-169.463	SPO_BAT
MalaVP_DNA_D1664_650m	650	MES	SPO	-3.41	-169.463	SPO_MES
MalaVP_DNA_D1666_580m	580	MES	SPO	-3.41	-169.463	SPO_MES
MalaVP_DNA_D1668_450m	450	MES	SPO	-3.41	-169.463	SPO_MES
MalaVP_DNA_D1672_3m	3	SRF	SPO	-3.41	-169.463	SPO_SRF
MalaVP_DNA_D1684_65m	65	DCM	SPO	-3.41	-169.463	SPO_DCM
MalaVP_DNA_D1758_3m	3	SRF	NPO	6.992	-164.372	NPO_SRF
MalaVP_DNA_D1760_4000m	4000	BAT	NPO	6.992	-164.372	NPO_BAT
MalaVP_DNA_D1762_2000m	2000	BAT	NPO	6.992	-164.372	NPO_BAT
MalaVP_DNA_D1764_750m	750	MES	NPO	6.992	-164.372	NPO_MES
MalaVP_DNA_D1766_600m	600	MES	NPO	6.992	-164.372	NPO_MES
MalaVP_DNA_D1768_400m	400	MES	NPO	6.992	-164.372	NPO_MES
MalaVP_DNA_D1770_80m	80	DCM	NPO	6.992	-164.372	NPO_DCM
MalaVP_DNA_D2021_4000m	4000	BAT	NPO	17.37	-130.611	NPO_BAT
MalaVP_DNA_D2023_2000m	2000	BAT	NPO	17.37	-130.611	NPO_BAT
MalaVP_DNA_D2025_500m	500	MES	NPO	17.37	-130.611	NPO_MES
MalaVP_DNA_D2027_400m	400	MES	NPO	17.37	-130.611	NPO_MES
MalaVP_DNA_D2029_200m	200	MES	NPO	17.37	-130.611	NPO_MES
MalaVP_DNA_D2031_110m	110	DCM	NPO	17.37	-130.611	NPO_DCM
MalaVP_DNA_D2033_3m	3	SRF	NPO	17.37	-130.611	NPO_SRF
MalaVP_DNA_D2219_2000m	2000	BAT	NPO	10.759	-102.442	NPO_BAT
MalaVP_DNA_D2221_780m	780	MES	NPO	10.759	-102.442	NPO_MES
MalaVP_DNA_D2223_600m	600	MES	NPO	10.759	-102.442	NPO_MES
MalaVP_DNA_D2225_280m	280	MES	NPO	10.759	-102.442	NPO_MES
MalaVP_DNA_D2227_37m	37	DCM	NPO	10.759	-102.442	NPO_DCM
MalaVP_DNA_D2229_3m	3	SRF	NPO	10.759	-102.442	NPO_SRF
MalaVP_DNA_D2410_3100m	3100	BAT	NAO	14.158	-71.673	NAO_BAT
MalaVP_DNA_D2412_2400m	2400	BAT	NAO	14.158	-71.673	NAO_BAT
MalaVP_DNA_D2414_2000m	2000	BAT	NAO	14.158	-71.673	NAO_BAT
MalaVP_DNA_D2416_800m	800	MES	NAO	14.158	-71.673	NAO_MES
MalaVP_DNA_D2418_460m	460	MES	NAO	14.158	-71.673	NAO_MES
MalaVP_DNA_D2420_106m	106	DCM	NAO	14.158	-71.673	NAO_DCM
MalaVP_DNA_D2422_3m	3	SRF	NAO	14.158	-71.673	NAO_SRF
MalaVP_DNA_D271_3m	3	SRF	SAO	-4.779	-28.169	SAO_SRF
MalaVP_DNA_D273_4000m	4000	BAT	SAO	-4.779	-28.169	SAO_BAT
MalaVP_DNA_D275_1700m	1700	BAT	SAO	-4.779	-28.169	SAO_BAT
MalaVP_DNA_D277_800m	800	MES	SAO	-4.779	-28.169	SAO_MES
MalaVP_DNA_D2795_4000m	4000	BAT	NAO	26.911	-32.837	NAO_BAT
MalaVP_DNA_D2797_2500m	2500	BAT	NAO	26.911	-32.837	NAO_BAT
MalaVP_DNA_D279_450m	450	MES	SAO	-4.779	-28.169	SAO_MES
MalaVP_DNA_D2803_430m	430	MES	NAO	26.911	-32.837	NAO_MES
MalaVP_DNA_D281_80m	80	DCM	SAO	-4.779	-28.169	SAO_DCM
MalaVP_DNA_D283_110m	110	DCM	SAO	-4.779	-28.169	SAO_DCM
MalaVP_DNA_D514_3m	3	SRF	SAO	-25.868	-27.567	SAO_SRF
MalaVP_DNA_D516_4000m	4000	BAT	SAO	-25.868	-27.567	SAO_BAT
MalaVP_DNA_D518_3300m	3300	BAT	SAO	-25.868	-27.567	SAO_BAT
MalaVP_DNA_D520_2400m	2400	BAT	SAO	-25.868	-27.567	SAO_BAT
MalaVP_DNA_D522_850m	850	MES	SAO	-25.868	-27.567	SAO_MES
MalaVP_DNA_D524_550m	550	MES	SAO	-25.868	-27.567	SAO_MES
MalaVP_DNA_D526_130m	130	DCM	SAO	-25.868	-27.567	SAO_DCM
MalaVP_DNA_D66_3m	3	SRF	NAO	23.274	-22.222	NAO_SRF
MalaVP_DNA_D670_3m	3	SRF	SAO	-30.882	0.968	SAO_SRF
MalaVP_DNA_D672_4000m	4000	BAT	SAO	-30.882	0.968	SAO_BAT
MalaVP_DNA_D674_3080m	3080	BAT	SAO	-30.882	0.968	SAO_BAT
MalaVP_DNA_D676_1290m	1290	BAT	SAO	-30.882	0.968	SAO_BAT
MalaVP_DNA_D678_800m	800	MES	SAO	-30.882	0.968	SAO_MES
MalaVP_DNA_D680_540m	540	MES	SAO	-30.882	0.968	SAO_MES
MalaVP_DNA_D682_110m	110	DCM	SAO	-30.882	0.968	SAO_DCM
MalaVP_DNA_D76_700m	700	MES	NAO	23.274	-22.222	NAO_MES
MalaVP_DNA_D78_430m	430	MES	NAO	23.274	-22.222	NAO_MES
MalaVP_DNA_D80_88m	88	DCM	NAO	23.274	-22.222	NAO_DCM
MalaVP_DNA_D862_3m	3	SRF	IO	-33.907	37.042	IO_SRF
MalaVP_DNA_D864_4000m	4000	BAT	IO	-33.907	37.042	IO_BAT
MalaVP_DNA_D866_3000m	3000	BAT	IO	-33.907	37.042	IO_BAT
MalaVP_DNA_D868_1200m	1200	BAT	IO	-33.907	37.042	IO_BAT
MalaVP_DNA_D870_800m	800	MES	IO	-33.907	37.042	IO_MES
MalaVP_DNA_D872_450m	450	MES	IO	-33.907	37.042	IO_MES
MalaVP_DNA_D874_86m	86	DCM	IO	-33.907	37.042	IO_DCM
MalaVP_DNA_D999_3m	3	SRF	IO	-29.354	69.4	IO_SRF
